{"cameraMode":{"drawMode":0,"name":"Shaded","section":"Shading Mode"},"sceneLighting":true,"audioPlay":false,"sceneViewState":{"showFog":true,"showMaterialUpdate":false,"showSkybox":true,"showFlares":true,"showImageEffects":true,"showParticleSystems":true},"in2DMode":false,"pivot":{"x":63.93541717529297,"y":21.01976776123047,"z":-634.8848266601563},"rotation":{"x":-0.1542229801416397,"y":-0.006778728682547808,"z":0.0007630621548742056,"w":-0.9882387518882752},"size":429.9838562011719,"orthographic":false}