{"cameraMode":{"drawMode":0,"name":"Shaded","section":"Shading Mode"},"sceneLighting":true,"audioPlay":false,"sceneViewState":{"showFog":true,"showMaterialUpdate":false,"showSkybox":true,"showFlares":true,"showImageEffects":true,"showParticleSystems":true},"in2DMode":false,"pivot":{"x":171.2925262451172,"y":27.774333953857423,"z":-340.31915283203127},"rotation":{"x":-0.19016842544078828,"y":0.09911036491394043,"z":-0.019493255764245988,"w":-0.976757287979126},"size":901.6183471679688,"orthographic":false}