{"cameraMode":{"drawMode":0,"name":"Shaded","section":"Shading Mode"},"sceneLighting":true,"audioPlay":false,"sceneViewState":{"showFog":true,"showMaterialUpdate":false,"showSkybox":true,"showFlares":true,"showImageEffects":true,"showParticleSystems":true},"in2DMode":false,"pivot":{"x":236.07733154296876,"y":-43.923667907714847,"z":1.726593017578125},"rotation":{"x":-0.27263861894607546,"y":-0.040752582252025607,"z":0.011971697211265564,"w":-0.9615427851676941},"size":889.1482543945313,"orthographic":false}