{"cameraMode":{"drawMode":0,"name":"Shaded","section":"Shading Mode"},"sceneLighting":true,"audioPlay":false,"sceneViewState":{"showFog":true,"showMaterialUpdate":false,"showSkybox":true,"showFlares":true,"showImageEffects":true,"showParticleSystems":true},"in2DMode":false,"pivot":{"x":-274.83380126953127,"y":-283.24951171875,"z":465.632568359375},"rotation":{"x":-0.2952638268470764,"y":0.11212057620286942,"z":-0.03491705283522606,"w":-0.9484333395957947},"size":2200.27294921875,"orthographic":false}