{"cameraMode":{"drawMode":0,"name":"Shaded","section":"Shading Mode"},"sceneLighting":true,"audioPlay":false,"sceneViewState":{"showFog":true,"showMaterialUpdate":false,"showSkybox":true,"showFlares":true,"showImageEffects":true,"showParticleSystems":true},"in2DMode":false,"pivot":{"x":292.509521484375,"y":-195.43186950683595,"z":296.9178466796875},"rotation":{"x":0.20402243733406068,"y":0.060464046895504,"z":-0.013502558693289757,"w":0.9775468111038208},"size":941.771484375,"orthographic":false}