{"cameraMode":{"drawMode":0,"name":"Shaded","section":"Shading Mode"},"sceneLighting":true,"audioPlay":false,"sceneViewState":{"showFog":true,"showMaterialUpdate":false,"showSkybox":true,"showFlares":true,"showImageEffects":true,"showParticleSystems":true},"in2DMode":false,"pivot":{"x":-159.42117309570313,"y":166.87774658203126,"z":-451.77630615234377},"rotation":{"x":-0.09881892055273056,"y":0.24861687421798707,"z":-0.025830065831542016,"w":-0.9632748961448669},"size":2928.469970703125,"orthographic":false}