{"cameraMode":{"drawMode":0,"name":"Shaded","section":"Shading Mode"},"sceneLighting":false,"audioPlay":false,"sceneViewState":{"showFog":true,"showMaterialUpdate":false,"showSkybox":false,"showFlares":true,"showImageEffects":true,"showParticleSystems":true},"in2DMode":false,"pivot":{"x":-18.26666259765625,"y":254.51473999023438,"z":17.616348266601564},"rotation":{"x":-0.1905745416879654,"y":0.5066357851028442,"z":-0.11664024740457535,"w":-0.8328518867492676},"size":1046.4154052734375,"orthographic":false}