{"cameraMode":{"drawMode":0,"name":"Shaded","section":"Shading Mode"},"sceneLighting":true,"audioPlay":false,"sceneViewState":{"showFog":true,"showMaterialUpdate":false,"showSkybox":true,"showFlares":true,"showImageEffects":true,"showParticleSystems":true},"in2DMode":false,"pivot":{"x":120.0164794921875,"y":1.1599998474121094,"z":-956.0},"rotation":{"x":0.11522350460290909,"y":-0.5566985011100769,"z":0.07839073240756989,"w":0.818992555141449},"size":7.333926677703857,"orthographic":true}