{"cameraMode":{"drawMode":0,"name":"Shaded","section":"Shading Mode"},"sceneLighting":true,"audioPlay":false,"sceneViewState":{"showFog":true,"showMaterialUpdate":false,"showSkybox":true,"showFlares":true,"showImageEffects":true,"showParticleSystems":true},"in2DMode":false,"pivot":{"x":129.10000610351563,"y":47.25600051879883,"z":-349.29998779296877},"rotation":{"x":-0.11997423321008682,"y":-0.027697468176484109,"z":0.003347797552123666,"w":-0.9923945069313049},"size":1173.6383056640625,"orthographic":false}